[{"id":"user-image-Default_Draw_a_website_background_about_web_infrastructure_mak_2.png","publicUrl":"np://user.desktop.nicepage.com/Site_47353402/images/Default_Draw_a_website_background_about_web_infrastructure_mak_2.png","size":1276262,"hash":"OwM9+2Et5V+kl459GVjqmAGTDeY=","fileName":"Default_Draw_a_website_background_about_web_infrastructure_mak_2.png","name":"Default_Draw_a_website_background_about_web_infrastructure_mak_2","width":1344,"height":896,"thumbnail":{"url":"np://user.desktop.nicepage.com/Site_47353402/images/thumbnails/Default_Draw_a_website_background_about_web_infrastructure_mak_2.png","width":250,"height":167},"folderId":null,"usages":["48859071"]},{"id":"user-image-logo1.png","publicUrl":"np://user.desktop.nicepage.com/Site_47353402/images/logo1.png","size":5630,"hash":"O9Ibr+A232Dkv+15POPMu91Fr6A=","fileName":"logo1.png","name":"logo1","width":671,"height":122,"thumbnail":{"url":"np://user.desktop.nicepage.com/Site_47353402/images/thumbnails/logo1.png","width":250,"height":45},"folderId":null,"usages":[]},{"id":"user-image-fddg-min.jpg","publicUrl":"np://user.desktop.nicepage.com/Site_47353402/images/fddg-min.jpg","size":150268,"hash":"AkDlvtDhq+onSFC/6MXgpBrcgu8=","fileName":"fddg-min.jpg","name":"fddg-min","width":1200,"height":800,"thumbnail":{"url":"np://user.desktop.nicepage.com/Site_47353402/images/thumbnails/fddg-min.jpg","width":250,"height":167},"folderId":null,"originalUrl":"//images03.nicepage.com/c461c07a441a5d220e8feb1a/389d13e30ffb5b11979b226b/fddg-min.jpg","usages":["48859071"]},{"id":"user-image-b0e8ea6c-f26d-a0b2-d308-76430fa686a8.jpg","publicUrl":"np://user.desktop.nicepage.com/Site_47353402/images/b0e8ea6c-f26d-a0b2-d308-76430fa686a8.jpg","size":183965,"hash":"0VrUUWr4Ct41wKRMEY4TCoUiVyI=","fileName":"b0e8ea6c-f26d-a0b2-d308-76430fa686a8.jpg","name":"b0e8ea6c-f26d-a0b2-d308-76430fa686a8","width":900,"height":635,"thumbnail":{"url":"np://user.desktop.nicepage.com/Site_47353402/images/thumbnails/b0e8ea6c-f26d-a0b2-d308-76430fa686a8.jpg","width":250,"height":176},"folderId":null,"originalUrl":"//images01.nicepage.com/c461c07a441a5d220e8feb1a/d375965c6af85c1da4ce0292/b0e8ea6c-f26d-a0b2-d308-76430fa686a8.jpg","usages":["48859071"]}]